company,key,recordings_mentioning,stations,first_seen,last_seen,verified,source
Coca-Cola Uganda,coca cola uganda,4,4,2026-10-03T15:13:27,2026-10-04T17:38:00,yes,seed
Equity Bank Uganda,equity bank uganda,4,4,2026-09-29T10:11:31,2026-10-04T17:33:00,yes,seed
Centenary Bank,centenary bank,3,3,2026-09-30T05:06:20,2026-10-03T08:12:19,yes,seed
MTN Uganda,mtn uganda,3,3,2026-10-02T11:06:19,2026-10-04T17:43:00,yes,seed
Nile Breweries Ltd,nile breweries,3,3,2026-10-01T09:27:57,2026-10-03T10:33:13,needs review,auto
Roofings Group,roofings group,3,3,2026-10-01T10:04:38,2026-10-03T13:45:47,yes,seed
Stanbic Bank Uganda,stanbic bank uganda,3,3,2026-10-02T20:56:09,2026-10-04T00:01:15,yes,seed
Kampala Dairies Ltd,kampala dairies,2,2,2026-09-28T19:32:26,2026-10-04T17:53:00,needs review,auto
Visit Mukwano Industries Limited,visit mukwano industries,2,2,2026-09-29T06:57:04,2026-10-03T13:26:03,needs review,auto
Airtel Uganda,airtel uganda,1,1,2026-10-02T11:45:51,2026-10-02T11:45:51,yes,seed
Pearl of Africa Foods,pearl of africa foods,0,0,,,yes,seed
